UNIQUE_CHPL_ID__C,VENDOR__C,PRODUCT__C,VERSION__C,ACB_CERTIFICATION_ID__C
15.02.04.2701.AQA5.12.01.1.200620,Compulink Healthcare Solutions,Compulink Healthcare Solutions,3.5,test
15.02.04.2701.AQA5.12.01.1.200620,Compulink Healthcare Solutions,Compulink Healthcare Solutions,,
15.02.04.2701.AQA5.12.01.1.200620,,Compulink Healthcare Solutions,3.5,
15.02.04.2701.AQA5.12.01.1.200620,,,3.5,
,Compulink Healthcare Solutions,Compulink Healthcare Solutions,3.5,
         ,           ,           ,             ,
,,,,
,,,,
,,,,
,,,,
,,,,
,,,,
,,,,
    ,   ,    ,   ,
